use ClickAndEat;

insert into locale values("Sorbillo","Via dei tribunali,32,80016,Napoli","Pizzeria","081446643");
insert into locale values("Da Pascoli","Corso Europa,75,85962,Bologna","Piadineria","3478756921");
insert into locale values("Sakura","Corso Vittorio Emanuele,19,83100,Avellino","Sushi","3786547123");
insert into locale values("Nonna Concettina","Via Roma,45,00042,Roma","Ristorante","3476945123");

insert into coupon values("123456789A","2023-02-01",20,10,"2023-03-01","Da Pascoli","Corso Europa,75,85962,Bologna");
insert into coupon values("ABCDEF7891","2023-02-13",30,15,"2023-04-15","Sorbillo","Via dei tribunali,32,80016,Napoli");

insert into menù values("Bevande","Sorbillo","Via dei tribunali,32,80016,Napoli",1);
insert into menù values("Bevande","Da Pascoli","Corso Europa,75,85962,Bologna",1);
insert into menù values("Drinks","Sakura","Corso Vittorio Emanuele,19,83100,Avellino",1);
insert into menù values("Bevande","Nonna Concettina","Via Roma,45,00042,Roma",1);
insert into menù values("Pizze Sorbillo","Sorbillo","Via dei tribunali,32,80016,Napoli",2);
insert into menù values("La piadineria","Da Pascoli","Corso Europa,75,85962,Bologna",2);
insert into menù values("Sushi","Sakura","Corso Vittorio Emanuele,19,83100,Avellino",2);
insert into menù values("Le specialità","Nonna Concettina","Via Roma,45,00042,Roma",2);

insert into fattorino values("SPSCRI95A01F839C","Ciro","Esposito","3587463147","Sorbillo","Via dei tribunali,32,80016,Napoli");
insert into fattorino values("NRERSO90E51G942E","Rosa","Neri","3784125963","Da Pascoli","Corso Europa,75,85962,Bologna");
insert into fattorino values("RSSNTN96S17H703K","Antonio","Russo","3692581475","Sakura","Corso Vittorio Emanuele,19,83100,Avellino");
insert into fattorino values("MRSCHR98D58H501H","Chiara","Amoroso","3012478951","Nonna Concettina","Via Roma,45,00042,Roma");
insert into fattorino values("DRSGNR90M17F839C","Gennro","De Rosa","3587473248","Sorbillo","Via dei tribunali,32,80016,Napoli");

insert into accountuser values("mariorossi@gmail.com","Password1?","Mario","Rossi","Via Dante,15, 83100","3875469712");
insert into accountuser values("giuseppeverdi@gmail.com","Password2?","Giuseppe","Verdi","Via Roma,16,48755", "3669978452");
insert into accountuser values("mariabianchi@gmail.com","Password3?","Maria","Bianchi","Corso Giuseppe Garibaldi,24,00042","3216549821");

INSERT INTO fidelitycard VALUES("PIADINA230","Da Pascoli","Corso Europa,75,85962,Bologna",2,"mariabianchi@gmail.com");
INSERT INTO fidelitycard VALUES("PIADINA150","Da Pascoli","Corso Europa,75,85962,Bologna",8,"giuseppeverdi@gmail.com");
insert into fidelitycard values("NONNINA123","Nonna Concettina","Via Roma,45,00042,Roma",5,"mariabianchi@gmail.com");
insert into fidelitycard values("NONNINA456","Nonna Concettina","Via Roma,45,00042,Roma",0,"mariorossi@gmail.com");

insert into ordine values("ORDINE1111","suona il citofono rosso",28,now(),"mariabianchi@gmail.com","Sorbillo","Via dei tribunali,32,80016,Napoli","SPSCRI95A01F839C","14:30");
insert into ordine values("ORDINE2222","chiamare a telefono",10,now(),"giuseppeverdi@gmail.com","Sakura","Corso Vittorio Emanuele,19,83100,Avellino","RSSNTN96S17H703K","15:00");
insert into ordine values("ORDINE3333",null,26,now(),"giuseppeverdi@gmail.com","Sorbillo","Via dei tribunali,32,80016,Napoli","SPSCRI95A01F839C","14:30");
insert into ordine values("ORDINE4444",null,34.50,now(),"mariorossi@gmail.com","Nonna Concettina","Via Roma,45,00042,Roma","MRSCHR98D58H501H","13:30");

insert into bibita values("Coca Cola",0);
insert into bibita values("Birra Peroni",4);
insert into bibita values("Acqua naturale",0);
insert into bibita values("Acqua frizzante",0);
insert into bibita values("Vino Aglianico",12);


insert into pietanza values("Pasta e pomodoro");
insert into pietanza values("Pasta e pesto");
insert into pietanza values("Carbonara");
insert into pietanza values("Ravioli al ragù");
insert into pietanza values("Pizza Margherita");
insert into pietanza values("Pizza Diavola");
insert into pietanza values("Pizza Capricciosa");
insert into pietanza values("Pizza Marinara");
insert into pietanza values("Panino Bacon");
insert into pietanza values("Panino con pollo");
insert into pietanza values("Hot Dog");
insert into pietanza values("Saltimbocca");
insert into pietanza values("Panino napoletano");
insert into pietanza values("Involtini primavera");
insert into pietanza values("Roll di tonno");
insert into pietanza values("Gelato fritto");
insert into pietanza values("Torta della nonna");
insert into pietanza values("Tiramisù");
insert into pietanza values("Piadina cotto e rucola");
insert into pietanza values("Piadina Asiago");
insert into pietanza values("Piadina Cesare");
insert into pietanza values("Piadina dolce");
insert into pietanza values("Insalatona");
insert into pietanza values("Patatine fritte");
insert into pietanza values("Crocchè");
insert into pietanza values("Frittatine");

insert into ingrediente values("pennette rigate","Pasta e pomodoro");
insert into ingrediente values("pmodoro san marzano","Pasta e pomodoro");
insert into ingrediente values("basilico","Pasta e pomodoro");
insert into ingrediente values("linguine","Pasta e pesto");
insert into ingrediente values("pesto di basilico","Pasta e pesto");
insert into ingrediente values("ricotta","Pasta e pesto");
insert into ingrediente values("bucatini","Carbonara");
insert into ingrediente values("uova","Carbonara");
insert into ingrediente values("guanciale","Carbonara");
insert into ingrediente values("formaggio pecorino","Carbonara");
insert into ingrediente values("pepe nero","Carbonara");
insert into ingrediente values("ravioli ripieni","Ravioli al ragù");
insert into ingrediente values("ragù di cinghiale","Ravioli al ragù");
insert into ingrediente values("mozzarella","Pizza Margherita");
insert into ingrediente values("pomodoro","Pizza Margherita");
insert into ingrediente values("basilico","Pizza Margherita");
insert into ingrediente values("mozzarella","Pizza Diavola");
insert into ingrediente values("pomodoro","Pizza Diavola");
insert into ingrediente values("salame piccante","Pizza Diavola");
insert into ingrediente values("mozzarella","Pizza Capricciosa");
insert into ingrediente values("capperi","Pizza Capricciosa");
insert into ingrediente values("acciughe","Pizza Capricciosa");
insert into ingrediente values("olive","Pizza Capricciosa");
insert into ingrediente values("prosciutto cotto","Pizza Capricciosa");
insert into ingrediente values("funghi","Pizza Capricciosa");
insert into ingrediente values("pomodoro","Pizza Marinara");
insert into ingrediente values("origano","Pizza Marinara");
insert into ingrediente values("aglio","Pizza Marinara");
insert into ingrediente values("hamburger","Panino Bacon");
insert into ingrediente values("bacon","Panino Bacon");
insert into ingrediente values("salsa barbecue","Panino Bacon");
insert into ingrediente values("cheddar","Panino Bacon");
insert into ingrediente values("pollo","Panino con pollo");
insert into ingrediente values("maionese","Panino con pollo");
insert into ingrediente values("insalata","Panino con pollo");
insert into ingrediente values("wurstel","Hot Dog");
insert into ingrediente values("patatine fritte","Hot Dog");
insert into ingrediente values("maionese","Hot Dog");
insert into ingrediente values("ketchup","Hot Dog");
insert into ingrediente values("prosciutto cotto","Saltimbocca");
insert into ingrediente values("mozzarella","Saltimbocca");
insert into ingrediente values("uova","Panino napoletano");
insert into ingrediente values("pancetta","Panino napoletano");
insert into ingrediente values("salame","Panino napoletano");
insert into ingrediente values("carote","Involtini primavera");
insert into ingrediente values("cipolla","Involtini primavera");
insert into ingrediente values("vino di riso","Involtini primavera");
insert into ingrediente values("cavolo cappuccio","Involtini primavera");
insert into ingrediente values("pepe bianco","Involtini primavera");
insert into ingrediente values("riso","Roll di tonno");
insert into ingrediente values("tonno","Roll di tonno");
insert into ingrediente values("gelato","Gelato fritto");
insert into ingrediente values("pan di spagna","Gelato fritto");
insert into ingrediente values("pasta frolla","Torta della nonna");
insert into ingrediente values("crema","Torta della nonna");
insert into ingrediente values("pinoli","Torta della nonna");
insert into ingrediente values("savoiardi","Tiramisù");
insert into ingrediente values("mascarpone","Tiramisù");
insert into ingrediente values("cacao","Tiramisù");
insert into ingrediente values("caffè","Tiramisù");
insert into ingrediente values("prosciutto cotto","Piadina cotto e rucola");
insert into ingrediente values("rucola","Piadina cotto e rucola");
insert into ingrediente values("squacquerone","Piadina cotto e rucola");
insert into ingrediente values("salsiccia","Piadina Asiago");
insert into ingrediente values("speck","Piadina Asiago");
insert into ingrediente values("funghi","Piadina Asiago");
insert into ingrediente values("fior di latte","Piadina Asiago");
insert into ingrediente values("formaggio","Piadina Cesare");
insert into ingrediente values("cetrioli","Piadina Cesare");
insert into ingrediente values("insalata","Piadina Cesare");
insert into ingrediente values("Nutella","Piadina dolce");
insert into ingrediente values("lattuga verde","Insalatona");
insert into ingrediente values("pomodori","Insalatona");
insert into ingrediente values("mais","Insalatona");
insert into ingrediente values("carote","Insalatona");
insert into ingrediente values("patate","Patatine fritte");
insert into ingrediente values("patate","Crocchè");
insert into ingrediente values("mozzarella","Crocchè");
insert into ingrediente values("prosciutto cotto","Crocchè");
insert into ingrediente values("pasta","Frittatine");
insert into ingrediente values("uova","Frittatine");
insert into ingrediente values("provola affumicata","Frittatine");

insert into recensione values(now(),"mariorossi@gmail.com","Tutto ottimo!!",5,"Nonna Concettina","Via Roma,45,00042,Roma");
insert into recensione values(now(),"mariabianchi@gmail.com","Buono,ma prezzi troppo alti",3,"Sorbillo","Via dei tribunali,32,80016,Napoli");
insert into recensione values(now(),"giuseppeverdi@gmail.com",null,4,"Sorbillo","Via dei tribunali,32,80016,Napoli");

insert into è_utilizzato values("ABCDEF7891","giuseppeverdi@gmail.com");

insert into è_inserito values("ABCDEF7891","ORDINE3333");

insert into è_applicata values("NONNINA456","Nonna Concettina","Via Roma,45,00042,Roma","ORDINE4444");

insert into è_composto_b values("Bevande","Sorbillo","Via dei tribunali,32,80016,Napoli","Coca Cola",3);
insert into è_composto_b values("Bevande","Sorbillo","Via dei tribunali,32,80016,Napoli","Acqua naturale",3.50);
insert into è_composto_b values("Bevande","Sorbillo","Via dei tribunali,32,80016,Napoli","Acqua frizzante",3.50);
insert into è_composto_b values("Bevande","Sorbillo","Via dei tribunali,32,80016,Napoli","Birra Peroni",5);
insert into è_composto_b values("Bevande","Da Pascoli","Corso Europa,75,85962,Bologna","Coca Cola",2.50);
insert into è_composto_b values("Bevande","Da Pascoli","Corso Europa,75,85962,Bologna","Acqua naturale",3);
insert into è_composto_b values("Bevande","Da Pascoli","Corso Europa,75,85962,Bologna","Acqua frizzante",3);
insert into è_composto_b values("Bevande","Da Pascoli","Corso Europa,75,85962,Bologna","Birra Peroni",3.50);
insert into è_composto_b values("Drinks","Sakura","Corso Vittorio Emanuele,19,83100,Avellino","Acqua naturale",3);
insert into è_composto_b values("Drinks","Sakura","Corso Vittorio Emanuele,19,83100,Avellino","Acqua frizzante",3);
insert into è_composto_b values("Drinks","Sakura","Corso Vittorio Emanuele,19,83100,Avellino","Birra Peroni",3.50);
insert into è_composto_b values("Drinks","Sakura","Corso Vittorio Emanuele,19,83100,Avellino","Coca Cola",2.50);
insert into è_composto_b values("Drinks","Sakura","Corso Vittorio Emanuele,19,83100,Avellino","Vino Aglianico",8);
insert into è_composto_b values("Bevande","Nonna Concettina","Via Roma,45,00042,Roma","Acqua naturale",2);
insert into è_composto_b values("Bevande","Nonna Concettina","Via Roma,45,00042,Roma","Acqua frizzante",2);
insert into è_composto_b values("Bevande","Nonna Concettina","Via Roma,45,00042,Roma","Birra Peroni",3);
insert into è_composto_b values("Bevande","Nonna Concettina","Via Roma,45,00042,Roma","Coca Cola",2.50);
insert into è_composto_b values("Bevande","Nonna Concettina","Via Roma,45,00042,Roma","Vino Aglianico",10.50);

insert into è_composto_p values("Pizze Sorbillo","Sorbillo","Via dei tribunali,32,80016,Napoli","Pizza Margherita",7);
insert into è_composto_p values("Pizze Sorbillo","Sorbillo","Via dei tribunali,32,80016,Napoli","Pizza Diavola",10);
insert into è_composto_p values("Pizze Sorbillo","Sorbillo","Via dei tribunali,32,80016,Napoli","Pizza Capricciosa",11.50);
insert into è_composto_p values("Pizze Sorbillo","Sorbillo","Via dei tribunali,32,80016,Napoli","Pizza Marinara",6);
insert into è_composto_p values("Pizze Sorbillo","Sorbillo","Via dei tribunali,32,80016,Napoli","Panino napoletano",6);
insert into è_composto_p values("Pizze Sorbillo","Sorbillo","Via dei tribunali,32,80016,Napoli","Patatine fritte",5);
insert into è_composto_p values("Pizze Sorbillo","Sorbillo","Via dei tribunali,32,80016,Napoli","Crocchè",3.50);
insert into è_composto_p values("Pizze Sorbillo","Sorbillo","Via dei tribunali,32,80016,Napoli","Frittatine",4.50);
insert into è_composto_p values("La piadineria","Da Pascoli","Corso Europa,75,85962,Bologna","Piadina cotto e rucola",4.50);
insert into è_composto_p values("La piadineria","Da Pascoli","Corso Europa,75,85962,Bologna","Piadina Asiago",6);
insert into è_composto_p values("La piadineria","Da Pascoli","Corso Europa,75,85962,Bologna","Piadina Cesare",6.50);
insert into è_composto_p values("La piadineria","Da Pascoli","Corso Europa,75,85962,Bologna","Piadina dolce",5);
insert into è_composto_p values("La piadineria","Da Pascoli","Corso Europa,75,85962,Bologna","Panino Bacon",5.50);
insert into è_composto_p values("La piadineria","Da Pascoli","Corso Europa,75,85962,Bologna","Panino con pollo",5);
insert into è_composto_p values("La piadineria","Da Pascoli","Corso Europa,75,85962,Bologna","Hot Dog",6);
insert into è_composto_p values("La piadineria","Da Pascoli","Corso Europa,75,85962,Bologna","Saltimbocca",4.30);
insert into è_composto_p values("Sushi","Sakura","Corso Vittorio Emanuele,19,83100,Avellino","Involtini primavera",5);
insert into è_composto_p values("Sushi","Sakura","Corso Vittorio Emanuele,19,83100,Avellino","Roll di tonno",8);
insert into è_composto_p values("Sushi","Sakura","Corso Vittorio Emanuele,19,83100,Avellino","Gelato fritto",5);
insert into è_composto_p values("Le specialità","Nonna Concettina","Via Roma,45,00042,Roma","Pasta e pomodoro",5.50);
insert into è_composto_p values("Le specialità","Nonna Concettina","Via Roma,45,00042,Roma","Pasta e pesto",8);
insert into è_composto_p values("Le specialità","Nonna Concettina","Via Roma,45,00042,Roma","Carbonara",10);
insert into è_composto_p values("Le specialità","Nonna Concettina","Via Roma,45,00042,Roma","Ravioli al ragù",9.50);
insert into è_composto_p values("Le specialità","Nonna Concettina","Via Roma,45,00042,Roma","Insalatona",5.50);
insert into è_composto_p values("Le specialità","Nonna Concettina","Via Roma,45,00042,Roma","Crocchè",6.00);
insert into è_composto_p values("Le specialità","Nonna Concettina","Via Roma,45,00042,Roma","Patatine Fritte",4);
insert into è_composto_p values("Le specialità","Nonna Concettina","Via Roma,45,00042,Roma","Frittatine",4.20);
insert into è_composto_p values("Le specialità","Nonna Concettina","Via Roma,45,00042,Roma","Torta della nonna",4.50);
insert into è_composto_p values("Le specialità","Nonna Concettina","Via Roma,45,00042,Roma","Tiramisù",5);

insert into comprende_b values("ORDINE1111","Coca Cola",2);
insert into comprende_b(ordine_codice,bibita_nome) values("ORDINE1111","Birra Peroni");
insert into comprende_b(ordine_codice,bibita_nome) values("ORDINE3333","Coca Cola");
insert into comprende_b(ordine_codice,bibita_nome) values("ORDINE3333","Birra Peroni");
insert into comprende_b(ordine_codice,bibita_nome) values("ORDINE3333","Acqua frizzante");
insert into comprende_b(ordine_codice,bibita_nome) values("ORDINE4444","Vino Aglianico");
insert into comprende_b(ordine_codice,bibita_nome) values("ORDINE4444","Acqua naturale");

insert into comprende_p(ordine_codice,pietanza_nome) values("ORDINE1111","Pizza Diavola");
insert into comprende_p(ordine_codice,pietanza_nome) values("ORDINE1111","Pizza Margherita");
insert into comprende_p(ordine_codice,pietanza_nome) values("ORDINE2222","Involtini primavera");
insert into comprende_p(ordine_codice,pietanza_nome) values("ORDINE2222","Roll di tonno");
insert into comprende_p(ordine_codice,pietanza_nome) values("ORDINE3333","Panino napoletano");
insert into comprende_p(ordine_codice,pietanza_nome) values("ORDINE3333","Pizza Marinara");
insert into comprende_p(ordine_codice,pietanza_nome) values("ORDINE3333","Pizza Margherita");
insert into comprende_p(ordine_codice,pietanza_nome) values("ORDINE4444","Ravioli al ragù");
insert into comprende_p(ordine_codice,pietanza_nome) values("ORDINE4444","Carbonara");
insert into comprende_p(ordine_codice,pietanza_nome) values("ORDINE4444","Torta della nonna");
insert into comprende_p(ordine_codice,pietanza_nome) values("ORDINE4444","Tiramisù");